맥체인 성경읽기표,,,,,
월,일,내용,,,
1,1,창세기1,마태복음1,에스라1,사도행전1
,2,창세기2,마태복음2,에스라2,사도행전2
,3,창세기3,마태복음3,에스라3,사도행전3
,4,창세기4,마태복음4,에스라4,사도행전4
,5,창세기5,마태복음5,에스라5,사도행전5
,6,창세기6,마태복음6,에스라6,사도행전6
,7,창세기7,마태복음7,에스라7,사도행전7
,8,창세기8,마태복음8,에스라8,사도행전8
,9,"창세기9,10",마태복음9,에스라9,사도행전9
,10,창세기11,마태복음10,에스라10,사도행전10
,11,창세기12,마태복음11,느헤미야1,사도행전11
,12,창세기13,마태복음12,느헤미야2,사도행전12
,13,창세기14,마태복음13,느헤미야3,사도행전13
,14,창세기15,마태복음14,느헤미야4,사도행전14
,15,창세기16,마태복음15,느헤미야5,사도행전15
,16,창세기17,마태복음16,느헤미야6,사도행전16
,17,창세기18,마태복음17,느헤미야7,사도행전17
,18,창세기19,마태복음18,느헤미야8,사도행전18
,19,창세기20,마태복음19,느헤미야9,사도행전19
,20,창세기21,마태복음20,느헤미야10,사도행전20
,21,창세기22,마태복음21,느헤미야11,사도행전21
,22,창세기23,마태복음22,느헤미야12,사도행전22
,23,창세기24,마태복음23,느헤미야13,사도행전23
,24,창세기25,마태복음24,에스더1,사도행전24
,25,창세기26,마태복음25,에스더2,사도행전25
,26,창세기27,마태복음26,에스더3,사도행전26
,27,창세기28,마태복음27,에스더4,사도행전27
,28,창세기29,마태복음28,에스더5,사도행전28
,29,창세기30,마가복음1,에스더6,로마서1
,30,창세기31,마가복음2,에스더7,로마서2
,31,창세기32,마가복음3,에스더8,로마서3
2,1,창세기33,마가복음4,"에스라9,10",로마서4
,2,창세기34,마가복음5,욥기1,로마서5
,3,"창세기35,36",마가복음6,욥기2,로마서6
,4,창세기37,마가복음7,욥기3,로마서7
,5,창세기38,마가복음8,욥기4,로마서8
,6,창세기39,마가복음9,욥기5,로마서9
,7,창세기40,마가복음10,욥기6,로마서10
,8,창세기41,마가복음11,욥기7,로마서11
,9,창세기42,마가복음12,욥기8,로마서12
,10,창세기43,마가복음13,욥기9,로마서13
,11,창세기44,마가복음14,욥기10,로마서14
,12,창세기45,마가복음15,욥기11,로마서15
,13,창세기46,마가복음16,욥기12,로마서16
,14,창세기47,누가복음1,욥기13,고린도전서1
,15,창세기48,,욥기14,고린도전서2
,16,창세기49,누가복음2,욥기15,고린도전서3
,17,창세기50,누가복음3,"욥기16,17",고린도전서4
,18,출애굽기1,누가복음4,욥기18,고린도전서5
,19,출애굽기2,누가복음5,욥기19,고린도전서6
,20,출애굽기3,누가복음6,욥기20,고린도전서7
,21,출애굽기4,누가복음7,욥기21,고린도전서8
,22,출애굽기5,누가복음8,욥기22,고린도전서9
,23,출애굽기6,누가복음9,욥기23,고린도전서10
,24,출애굽기7,누가복음10,욥기24,고린도전서11
,25,출애굽기8,누가복음11,"욥기25,26",고린도전서12
,26,출애굽기9,누가복음12,욥기27,고린도전서13
,27,출애굽기10,누가복음13,욥기28,고린도전서14
,28,출애굽기11,누가복음14,욥기29,고린도전서15
3월,1,출애굽기12,누가복음15,욥기30,고린도전서16
,2,출애굽기13,누가복음16,욥기31,고린도후서1
,3,출애굽기14,누가복음17,욥기32,고린도후서2
,4,출애굽기15,누가복음18,욥기33,고린도후서3
,5,출애굽기16,누가복음19,욥기34,고린도후서4
,6,출애굽기17,누가복음20,욥기35,고린도후서5
,7,출애굽기18,누가복음21,욥기36,고린도후서6
,8,출애굽기19,누가복음22,욥기37,고린도후서7
,9,출애굽기20,누가복음23,욥기38,고린도후서8
,10,출애굽기21,누가복음24,욥기39,고린도후서9
,11,출애굽기22,요한복음1,욥기40,고린도후서10
,12,출애굽기23,요한복음2,욥기41,고린도후서11
,13,출애굽기24,요한복음3,욥기42,고린도후서12
,14,출애굽기25,요한복음4,잠언1,고린도후서13
,15,출애굽기26,요한복음5,잠언2,갈라디아서1
,16,출애굽기27,요한복음6,잠언3,갈라디아서2
,17,출애굽기28,요한복음7,잠언4,갈라디아서3
,18,출애굽기29,요한복음8,잠언5,갈라디아서4
,19,출애굽기30,요한복음9,잠언6,갈라디아서5
,20,출애굽기31,요한복음10,잠언7,갈라디아서6
,21,출애굽기32,요한복음11,잠언8,에배소서1
,22,출애굽기33,요한복음12,잠언9,에배소서2
,23,출애굽기34,요한복음13,잠언10,에배소서3
,24,출애굽기35,요한복음14,잠언11,에배소서4
,25,출애굽기36,요한복음15,잠언12,에배소서5
,26,출애굽기37,요한복음16,잠언13,에배소서6
,27,출애굽기38,요한복음17,잠언14,빌립보서1
,28,출애굽기39,요한복음18,잠언15,빌립보서2
,29,출애굽기40,요한복음19,잠언16,빌립보서3
,30,레위기1,요한복음20,잠언17,빌립보서4
,31,"레위기2,3",요한복음21,잠언18,골로세서1
4월,1,레위기4,"시편1,2",잠언19,골로새서2
,2,레위기5,"시편3,4",잠언20,골로새서3
,3,레위기6,"시편5,6",잠언21,골로새서4
,4,레위기7,"시편7,8",잠언22,데살로니가전서1
,5,레위기8,시편9,잠언23,데살로니가전서2
,6,레위기9,시편10,잠언24,데살로니가전서3
,7,레위기10,"시편11,12",잠언25,데살로니가전서4
,8,"레위기11,12","시편13,14",잠언26,데살로니가전서5
,9,레위기13,"시편15,16",잠언27,데살로니가후서1
,10,레위기14,시편17,잠언28,데살로니가후서2
,11,레위기15,시편18,잠언29,데살로니가후서3
,12,레위기16,시편19,잠언30,디모데전서1
,13,레위기17,"시편20,21",잠언31,디모데전서2
,14,레위기18,시편22,전도서1,디모데전서3
,15,레위기19,"시편23,24",전도서2,디모데전서4
,16,레위기20,시편25,전도서3,디모데전서5
,17,레위기21,"시편26,27",전도서4,디모데전서6
,18,레위기22,"시편28,29",전도서5,디모데후서1
,19,레위기23,시편30,전도서6,디모데후서2
,20,레위기24,시편31,전도서7,디모데후서3
,21,레위기25,시편32,전도서8,디모데후서4
,22,레위기26,시편33,전도서9,디도서1
,23,레위기27,시편34,전도서10,디도서2
,24,민수기1,시편35,전도서11,디도서3
,25,민수기2,시편36,전도서12,빌레몬서1
,26,민수기3,시편37,아가1,히브리서1
,27,민수기4,시편38,아가2,히브리서2
,28,민수기5,시편39,아가3,히브리서3
,29,민수기6,"시편40,41",아가4,히브리서4
,30,민수기7,"시편42,43",아가5,히브리서5
5월,1,민수기8,시편44,아가6,히브리서6
,2,민수기9,시편45,아가7,히브리서7
,3,민수기10,"시편46,47",아가8,히브리서8
,4,민수기11,시편48,이사야1,히브리서9
,5,"민수기12,13",시편49,이사야2,히브리서10
,6,민수기14,시편50,"이사야3,4",히브리서11
,7,민수기15,시편51,이사야5,히브리서12
,8,민수기16,"시편52,53,54",이사야6,히브리서13
,9,"민수기17,18",시편55,이사야7,야고보1
,10,민수기19,"시편56,57",이사야8,야고보2
,11,민수기20,"시편58,59",이사야9,야고보3
,12,민수기21,"시편60,61",이사야10,야고보4
,13,민수기22,"시편62,63","이사야11,12",야고보5
,14,민수기23,"시편64,65",이사야13,베드로전서1
,15,민수기24,"시편66,67",이사야14,베드로전서2
,16,민수기25,시편68,이사야15,베드로전서3
,17,민수기26,시편69,이사야16,베드로전서4
,18,민수기27,"시편70,71","이사야17,18",베드로전서5
,19,민수기28,시편72,"이사야19,20",베드로후서1
,20,민수기29,시편73,이사야21,베드로후서2
,21,민수기30,시편74,이사야22,베드로후서3
,22,민수기31,"시편75,76",이사야23,요한일서1
,23,민수기32,시편77,이사야24,요한일서2
,24,민수기33,시편78,이사야25,요한일서3
,25,민수기34,,이사야26,요한일서4
,26,민수기35,시편79,이사야27,요한일서5
,27,민수기36,시편80,이사야28,요한이서1
,28,신명기1,"시편81,82",이사야29,요한삼서1
,29,신명기2,"시편83,84",이사야30,유다서1
,30,신명기3,시편85,이사야31,요한계시록1
,31,신명기4,"시편86,87",이사야32,요한계시록2
6월,1,신명기5,시편88,이사야33,요한계시록3
,2,신명기6,시편89,이사야34,요한계시록4
,3,신명기7,시편90,이사야35,요한계시록5
,4,신명기8,시편91,이사야36,요한계시록6
,5,신명기9,"시편92,93",이사야37,요한계시록7
,6,신명기10,시편94,이사야38,요한계시록8
,7,신명기11,"시편95,96",이사야39,요한계시록9
,8,신명기12,"시편97,98",이사야40,요한계시록10
,9,"신명기13,14","시편99,100,101",이사야41,요한계시록11
,10,신명기15,시편102,이사야42,요한계시록12
,11,신명기16,시편103,이사야43,요한계시록13
,12,신명기17,시편104,이사야44,요한계시록14
,13,신명기18,시편105,이사야45,요한계시록15
,14,신명기19,시편106,이사야46,요한계시록16
,15,신명기20,시편107,이사야47,요한계시록17
,16,신명기21,"시편108,109",이사야48,요한계시록18
,17,신명기22,"시편110,111",이사야49,요한계시록19
,18,신명기23,"시편112,113",이사야50,요한계시록20
,19,신명기24,"시편114,115",이사야51,요한계시록21
,20,신명기25,시편116,이사야52,요한계시록22
,21,신명기26,"시편117,118",이사야53,마태복음1
,22,신명기27,시편119,이사야54,마태복음2
,23,신명기28,,이사야55,마태복음3
,24,신명기29,,이사야56,마태복음4
,25,신명기30,,이사야57,마태복음5
,26,신명기31,,이사야58,마태복음6
,27,신명기32,,이사야59,마태복음7
,28,"신명기33,34",,이사야60,마태복음8
,29,여호수아1,시편120-122,이사야61,마태복음9
,30,여호수아2,시편123-125,이사야62,마태복음10
7월,1,여호수아3,"시편126,127,128",이사야63,마태복음11
,2,여호수아4,"시편129,130,131",이사야64,마태복음12
,3,여호수아5,"시편132133,134",이사야65,마태복음13
,4,여호수아6,"시편135,136",이사야66,마태복음14
,5,여호수아7,"시편137,138",예레미야1,마태복음15
,6,여호수아8,시편139,예레미야2,마태복음16
,7,여호수아9,"시편140,141",예레미야3,마태복음17
,8,여호수아10,"시편142,143",예레미야4,마태복음18
,9,여호수아11,시편144,예레미야5,마태복음19
,10,"여호수아12,13",시편145,예레미야6,마태복음20
,11,"여호수아14,15","시편146,147",예레미야7,마태복음21
,12,"여호수아16,17",시편148,예레미야8,마태복음22
,13,"여호수아18,19","시편149,150",예레미야9,마태복음23
,14,"여호수아20,21",사도행전1,예레미야10,마태복음24
,15,여호수아22,사도행전2,예레미야11,마태복음25
,16,여호수아23,사도행전3,예레미야12,마태복음26
,17,여호수아24,사도행전4,예레미야13,마태복음27
,18,사사기1,사도행전5,예레미야14,마태복음28
,19,사사기2,사도행전6,예레미야15,마가복음1
,20,사사기3,사도행전7,예레미야16,마가복음2
,21,사사기4,사도행전8,예레미야17,마가복음3
,22,사사기5,사도행전9,예레미야18,마가복음4
,23,사사기6,사도행전10,예레미야19,마가복음5
,24,사사기7,사도행전11,예레미야20,마가복음6
,25,사사기8,사도행전12,예레미야21,마가복음7
,26,사사기9,사도행전13,예레미야22,마가복음8
,27,사사기10,사도행전14,예레미야23,마가복음9
,28,사사기11,사도행전15,예레미야24,마가복음10
,29,사사기12,사도행전16,예레미야25,마가복음11
,30,사사기13,사도행전17,예레미야26,마가복음12
,31,사사기14,사도행전18,예레미야27,마가복음13
8월,1,사사기15,사도행전19,예레미야 28,마가복음14
,2,사사기16,사도행전20,예레미야 29,마가복음15
,3,사사기17,사도행전21,"예레미야 30,31",마가복음16
,4,사사기18,사도행전22,예레미야 32,"시편1,2"
,5,사사기19,사도행전23,예레미야 33,"시편3,4"
,6,사사기20,사도행전24,예레미야 34,"시편5,6"
,7,사사기21,사도행전25,예레미야 35,"시편7,8"
,8,룻기1,사도행전26,"예레미야 36,37",시편9
,9,룻기2,사도행전27,예레미야 38,시편10
,10,"룻기3,4",사도행전28,예레미야 39,"시편11,12"
,11,사무엘상1,로마서1,예레미야 40,"시편13,14"
,12,사무엘상2,로마서2,예레미야 41,"시편15,16"
,13,사무엘상3,로마서3,예레미야 42,시편17
,14,사무엘상4,로마서4,예레미야 43,시편18
,15,"사무엘상5,6",로마서5,예레미야 44,시편19
,16,"사무엘상7,8",로마서6,예레미야 45,"시편20,21"
,17,사무엘상9,로마서7,예레미야 46,시편22
,18,사무엘상10,로마서8,예레미야 47,"시편23,24"
,19,사무엘상11,로마서9,예레미야 48,시편25
,20,사무엘상12,로마서10,예레미야 49,"시편26,27"
,21,사무엘상13,로마서11,예레미야 50,"시편28,29"
,22,사무엘상14,로마서12,예레미야 51,시편30
,23,사무엘상15,로마서13,예레미야 52,시편31
,24,사무엘상16,로마서14,예레미야애가1,시편32
,25,사무엘상17,로마서15,예레미야애가2,시편33
,26,사무엘상18,로마서16,예레미야애가3,시편34
,27,사무엘상19,고린도전서1,예레미야애가4,시편35
,28,사무엘상20,고린도전서2,예레미야애가5,시편36
,29,"사무엘상21,22",고린도전서3,에스겔1,시편37
,30,사무엘상23,고린도전서4,에스겔2,시편38
,31,사무엘상24,고린도전서5,에스겔3,시편39
9월,1,사무엘상25,고린도전서6,에스겔4,"시편40,41"
,2,사무엘상26,고린도전서7,에스겔5,"시편42,43"
,3,사무엘상27,고린도전서8,에스겔6,시편44
,4,사무엘상28,고린도전서9,에스겔7,시편45
,5,"사무엘상29,30",고린도전서10,에스겔8,"시편46,47"
,6,사무엘상31,고린도전서11,에스겔9,시편48
,7,사무엘하1,고린도전서12,에스겔10,시편49
,8,사무엘하2,고린도전서13,에스겔11,시편50
,9,사무엘하3,고린도전서14,에스겔12,시편51
,10,"사무엘하4,5",고린도전서15,에스겔13,"시편52,53,54"
,11,사무엘하6,고린도전서16,에스겔14,시편55
,12,사무엘하7,고린도후서1,에스겔15,"시편56,57"
,13,"사무엘하8,9",고린도후서2,에스겔16,"시편58,59"
,14,사무엘하10,고린도후서3,에스겔17,"시편60,61"
,15,사무엘하11,고린도후서4,에스겔18,"시편62,63"
,16,사무엘하12,고린도후서5,에스겔19,"시편64,65"
,17,사무엘하13,고린도후서6,에스겔20,"시편66,67"
,18,사무엘하14,고린도후서7,에스겔21,시편68
,19,사무엘하15,고린도후서8,에스겔22,시편69
,20,사무엘하16,고린도후서9,에스겔23,"시편70,71"
,21,사무엘하17,고린도후서10,에스겔24,시편72
,22,사무엘하18,고린도후서11,에스겔25,시편73
,23,사무엘하19,고린도후서12,에스겔26,시편74
,24,사무엘하20,고린도후서13,에스겔27,"시편75,76"
,25,사무엘하21,갈라디아서1,에스겔28,시편77
,26,사무엘하22,갈라디아서2,에스겔29,시편78
,27,사무엘하23,갈라디아서3,에스겔30,시편79
,28,사무엘하24,갈라디아서4,에스겔31,시편80
,29,열왕기상1,갈라디아서5,에스겔32,시편81
,30,열왕기상2,갈라디아서6,에스겔33,시편82
10월,1,열왕기상3,에베소서1,에스겔34,"시편83,84"
,2,"열왕기상4,5",에베소서2,에스겔35,시편85
,3,열왕기상6,에베소서3,에스겔36,시편86
,4,열왕기상7,에베소서4,에스겔37,"시편87,88"
,5,열왕기상8,에베소서5,에스겔38,시편89
,6,열왕기상9,에베소서6,에스겔39,시편90
,7,열왕기상10,빌립보서1,에스겔40,시편91
,8,열왕기상11,빌립보서2,에스겔41,"시편92,93"
,9,열왕기상12,빌립보서3,에스겔42,시편94
,10,열왕기상13,빌립보서4,에스겔43,"시편95,96"
,11,열왕기상14,골로새서1,에스겔44,"시편97,98"
,12,열왕기상15,골로새서2,에스겔45,"시편99,100,101"
,13,열왕기상16,골로새서3,에스겔46,시편102
,14,열왕기상17,골로새서4,에스겔47,시편103
,15,열왕기상18,데살로니가전서1,에스겔48,시편104
,16,열왕기상19,데살로니가전서2,다니엘1,시편105
,17,열왕기상20,데살로니가전서3,다니엘2,시편106
,18,열왕기상21,데살로니가전서4,다니엘3,시편107
,19,열왕기상22,데살로니가전서5,다니엘4,"시편108,109"
,20,열왕기하1,데살로니가후서1,다니엘5,"시편110,111"
,21,열왕기하2,데살로니가후서2,다니엘6,"시편112,113"
,22,열왕기하3,데살로니가후서3,다니엘7,"시편114,115"
,23,열왕기하4,디모데전서1,다니엘8,시편116
,24,열왕기하5,디모데전서2,다니엘9,"시편117,118"
,25,열왕기하6,디모데전서3,다니엘10,시편119
,26,열왕기하7,디모데전서4,다니엘11,
,27,열왕기하8,디모데전서5,다니엘12,
,28,열왕기하9,디모데전서6,호세아1,
,29,열왕기하10,디모데후서1,호세아2,
,30,"열왕기하11,12",디모데후서2,"호세아3,4",
,31,열왕기하13,디모데후서3,"호세아5,6",
11월,1,열왕기하14,디모데후서4,호세아7,"시편120,121,122"
,2,열왕기하15,디도서1,호세아8,"시편123,124,125"
,3,열왕기하16,디도서2,호세아9,"시편126,127,128"
,4,열왕기하17,디도서3,호세아10,"시편129,130,131"
,5,열왕기하18,빌레몬서1,호세아11,"시편132,133,134"
,6,열왕기하19,히브리서1,호세아12,"시편135,136"
,7,열왕기하20,히브리서2,호세아13,"시편137,138"
,8,열왕기하21,히브리서3,호세아14,시편139
,9,열왕기하22,히브리서4,요엘1,"시편140,141"
,10,열왕기하23,히브리서5,요엘2,"시편142,143"
,11,열왕기하24,히브리서6,요엘3,시편144
,12,열왕기하25,히브리서7,아모스1,시편145
,13,"역대상1,2",히브리서8,아모스2,"시편146,147"
,14,"역대상3,4",히브리서9,아모스3,시편148
,15,"역대상5,6",히브리서10,아모스4,"시편149,150"
,16,"역대상7,8",히브리서11,아모스5,누가복음1
,17,"역대상9,10",히브리서12,아모스6,
,18,"역대상11,12",히브리서13,아모스7,누가복음2
,19,"역대상13,14",야고보서1,아모스8,누가복음3
,20,역대상15,야고보서2,아모스9,누가복음4
,21,역대상16,야고보서3,오바댜1,누가복음5
,22,역대상17,야고보서4,요나1,누가복음6
,23,역대상18,야고보서5,요나2,누가복음7
,24,"역대상19,20",베드로전서1,요나3,누가복음8
,25,역대상21,베드로전서2,요나4,누가복음9
,26,역대상22,베드로전서3,미가1,누가복음10
,27,역대상23,베드로전서4,미가2,누가복음11
,28,"역대상24,25",베드로전서5,미가3,누가복음12
,29,"역대상26,27",베드로후서1,미가4,누가복음13
,30,역대상28,베드로후서2,미가5,누가복음14
12월,1,역대상29,베드로후서3,미가6,누가복음15
,2,역대하1,요한일서1,미가7,누가복음16
,3,역대하2,요한일서2,나훔1,누가복음17
,4,"역대하3,4",요한일서3,나훔2,누가복음18
,5,역대하5,요한일서4,나훔3,누가복음19
,6,역대하6,요한일서5,하박국1,누가복음20
,7,역대하7,요한이서1,하박국2,누가복음21
,8,역대하8,요한삼서1,하박국3,누가복음22
,9,역대하9,유다서1,스바냐1,누가복음23
,10,역대하10,요한계시록1,스바냐2,누가복음24
,11,"역대하11,12",요한계시록2,스바냐3,요한복음1
,12,역대하13,요한계시록3,학개1,요한복음2
,13,"역대하14,15",요한계시록4,학개2,요한복음3
,14,역대하16,요한계시록5,스가랴1,요한복음4
,15,역대하17,요한계시록6,스가랴2,요한복음5
,16,역대하18,요한계시록7,스가랴3,요한복음6
,17,"역대하19,20",요한계시록8,스가랴4,요한복음7
,18,역대하21,요한계시록9,스가랴5,요한복음8
,19,"역대하22,23",요한계시록10,스가랴6,요한복음9
,20,역대하24,요한계시록11,스가랴7,요한복음10
,21,역대하25,요한계시록12,스가랴8,요한복음11
,22,역대하26,요한계시록13,스가랴9,요한복음12
,23,"역대하27,28",요한계시록14,스가랴10,요한복음13
,24,역대하29,요한계시록15,스가랴11,요한복음14
,25,역대하30,요한계시록16,스가랴12,요한복음15
,26,역대하31,요한계시록17,스가랴13,요한복음16
,27,역대하32,요한계시록18,스가랴14,요한복음17
,28,역대하33,요한계시록19,말라기1,요한복음18
,29,역대하34,요한계시록20,말라기2,요한복음19
,30,역대하35,요한계시록21,말라기3,요한복음20
,31,역대하36,요한계시록22,말라기4,요한복음21
,,,,,